Compare,dif_Mola
A - B,0.042049926325328967
A - C,0.0974794001814923
A - D,0.09346110590882002
A - E,0.05213971772020357
B - C,0.01634059547672255
B - D,0.028428728379093455
B - E,0.039342316579845174
C - D,0.06226652133431026
C - E,0.08026427670994149
D - E,0.04423284858832705