aurita and labiata,aurita and limbata,labiata and limbata
0.15157965813156796,0.31405974203148845,0.28113697322546793
