"","Data","Arctic","Atlantic","Indian","Pacific","Southern"
"1","Expected",41.5200330441966,271.887649731516,225.485336637753,363.990086741016,47.1168938455184
"2","Observed",90,266,230,324,40
